0,1,2,3,4,5,6,7,8,9,10,11,12,13,14,15,16,17,18,19
50.441547,50.515083,50.438843,50.131443,50.29132,50.327103,49.726345,50.731697,50.66091,50.104565,50.070625,50.357525,50.25893,49.98892,50.58324,50.314297,50.525158,50.61513,50.719864,50.51224
50.611412,50.67413,50.61707,50.330513,50.410553,50.51594,49.956665,50.910275,50.710213,50.24159,50.257904,50.47946,50.380527,50.169777,50.773647,50.394093,50.777737,50.73296,50.911133,50.74623
50.96225,50.99619,50.967205,50.69429,50.65389,50.76613,50.376762,51.14756,50.88141,50.470833,50.610744,50.696003,50.729515,50.509384,51.152218,50.523544,51.167545,51.005024,51.298885,51.03931
51.31652,51.32572,51.324203,51.027496,50.75451,50.917442,50.78045,51.292038,51.106384,50.623043,50.946293,50.822342,51.026905,50.853115,51.5435,50.557972,51.47182,51.243286,51.691864,51.247154
51.377594,51.36847,51.36586,51.087128,50.36053,50.753735,50.819546,51.115658,51.036312,50.428745,50.997864,50.63239,50.883892,50.876976,51.57143,50.298183,51.404198,51.15506,51.71776,51.13267
51.01443,50.95074,51.017273,50.728745,49.552197,50.25294,50.417103,50.611885,50.56401,49.925068,50.634293,50.11783,50.275543,50.502808,51.148113,49.747387,50.959625,50.67308,51.30592,50.7128
50.326355,50.22571,50.314632,50.019432,48.66259,49.546116,49.69678,49.888153,49.76172,49.160484,49.892254,49.323658,49.36096,49.768482,50.393074,48.958202,50.184204,49.89013,50.569126,50.05384
49.613873,49.503876,49.59762,49.287224,48.03734,49.005188,48.97775,49.33287,49.01807,48.468018,49.1636,48.609837,48.560696,49.044422,49.661858,48.367775,49.459488,49.172173,49.841076,49.493782
49.22747,49.157322,49.213554,48.9046,48.045563,48.84478,48.622936,49.16564,48.762123,48.2131,48.820072,48.350918,48.382195,48.67294,49.298096,48.241005,49.12717,48.88805,49.46423,49.27501
49.402115,49.44372,49.379612,49.082245,48.787548,49.15158,48.803646,49.499065,49.185947,48.545296,49.02511,48.730686,48.972885,48.875256,49.52039,48.64742,49.356472,49.21301,49.66533,49.577694
50.211796,50.310867,50.172157,49.847775,50.135292,49.99113,49.545597,50.348778,50.244053,49.51253,49.808395,49.805325,50.253155,49.683247,50.33555,49.577984,50.165085,50.19701,50.48997,50.419422
51.471966,51.537773,51.407246,51.0413,51.642685,51.21641,50.70897,51.589283,51.760517,50.857136,50.995796,51.267654,51.79468,50.921104,51.553547,51.006306,51.36432,51.586235,51.687904,51.659073
52.85689,52.91623,52.776115,52.38702,53.025116,52.617176,52.037685,52.994125,53.265602,52.315117,52.318142,52.72992,53.195858,52.283886,52.900444,52.52667,52.685722,53.05033,53.04297,53.0544
54.00131,54.049534,53.944695,53.521454,54.015186,53.856857,53.189163,54.231632,54.42284,53.481606,53.438793,53.839775,54.095726,53.41027,54.03954,53.772583,53.82046,54.209557,54.188995,54.251114
54.681767,54.6971,54.664032,54.25359,54.53828,54.677048,53.89977,55.04196,54.85894,54.14337,54.14585,54.387646,54.47449,54.130722,54.778652,54.514885,54.55642,54.8145,54.90033,55.00063
54.791344,54.815926,54.777653,54.434452,54.469112,54.871048,54.141094,55.215763,54.659187,54.14864,54.302803,54.27952,54.342335,54.27289,54.913307,54.583733,54.67045,54.757065,55.10247,55.04813
54.309032,54.257103,54.322952,54.050217,53.711624,54.362522,53.737648,54.656414,53.899384,53.49567,53.866623,53.533096,53.675575,53.813705,54.41049,53.960285,54.23534,54.10218,54.64089,54.518368
53.29648,53.18198,53.308414,53.07663,52.49901,53.230255,52.738113,53.53943,52.65294,52.275776,52.840427,52.330013,52.55321,52.788136,53.340786,52.71776,53.224594,52.89765,53.607872,53.41752
51.881298,51.750107,51.884224,51.682384,50.919636,51.72058,51.32444,52.09548,51.10689,50.724045,51.40865,50.79408,51.07238,51.352444,51.892616,51.12654,51.8,51.307896,52.173653,51.911858
50.30052,50.162014,50.29337,50.107212,49.276665,50.078804,49.740585,50.481514,49.534866,49.105694,49.8199,49.210236,49.485115,49.76499,50.305756,49.45635,50.205418,49.684185,50.583313,50.26166
48.79466,48.653988,48.794994,48.586792,47.84006,48.540943,48.230762,48.935875,48.18305,47.679523,48.33418,47.83988,48.066658,48.27209,48.836567,47.965786,48.713207,48.268238,49.080704,48.730835
47.680546,47.572666,47.70243,47.463318,46.88812,47.4124,47.130665,47.78112,47.33155,46.742077,47.27568,46.930782,47.10687,47.1881,47.783783,46.94897,47.643078,47.347218,47.995354,47.630245
47.306946,47.287884,47.324345,47.064945,46.843956,46.965485,46.77449,47.351944,47.24188,46.556587,46.934387,46.83227,47.043087,46.83065,47.476448,46.649128,47.332417,47.182682,47.65539,47.256115
47.715168,47.75522,47.72713,47.398594,47.468254,47.255497,47.166985,47.648952,47.900883,47.11133,47.31596,47.518253,47.71732,47.22811,47.926003,47.03725,47.78767,47.778854,48.085052,47.62805
48.757748,48.786232,48.733467,48.383396,48.5524,48.119526,48.144558,48.524544,49.11822,48.255516,48.37085,48.729816,48.908695,48.251484,48.945152,48.039684,48.851757,48.93548,49.073174,48.59494
50.006474,50.057865,50.012817,49.648483,49.68708,49.311306,49.38465,49.65824,50.397434,49.58233,49.640797,50.02765,50.1677,49.49559,50.17321,49.19941,50.06387,50.227867,50.28687,49.80813
51.057293,51.13114,51.054672,50.715187,50.452183,50.448166,50.43356,50.747417,51.23929,50.548813,50.674736,50.8653,50.935158,50.550262,51.20609,50.188393,51.045834,51.17804,51.33263,50.872322
51.610558,51.69035,51.612072,51.26971,50.65454,51.20916,50.99036,51.48463,51.45099,50.900467,51.19613,51.04568,51.047394,51.078938,51.742195,50.75239,51.534595,51.51607,51.889477,51.557346
51.49891,51.534748,51.520046,51.16693,50.337147,51.36397,50.88024,51.637947,51.003597,50.526043,51.066925,50.540195,50.533993,50.939808,51.60837,50.704166,51.394722,51.194447,51.773197,51.624645
50.995186,51.009064,51.009613,50.670597,49.85102,51.078182,50.34842,51.359566,50.209908,49.816578,50.541977,49.813347,49.853382,50.44317,51.108463,50.29743,50.904865,50.493195,51.262306,51.30372
50.4381,50.467884,50.43009,50.10878,49.479584,50.62996,49.822918,50.939,49.586575,49.166958,49.971508,49.209362,49.380173,49.896793,50.567593,49.78952,50.352318,49.845,50.736504,50.842976
50.135868,50.189087,50.13211,49.78998,49.51016,50.30175,49.524582,50.6537,49.471973,48.92443,49.65553,49.002293,49.391888,49.59438,50.29323,49.541134,50.072475,49.597656,50.45972,50.51764
50.224873,50.27179,50.212654,49.842876,50.049744,50.25062,49.576454,50.635925,49.88604,49.159637,49.70966,49.344425,49.919346,49.678833,50.38456,49.67218,50.163696,49.8268,50.541744,50.46259
50.57634,50.62001,50.548615,50.157497,50.660973,50.446503,49.87048,50.83657,50.613068,49.73804,50.042385,50.07779,50.605576,50.032253,50.720432,50.073284,50.500305,50.40265,50.873318,50.725464
51.01016,51.055386,50.97872,50.58839,51.169556,50.789043,50.25191,51.194885,51.34402,50.398155,50.485905,50.833946,51.186462,50.478558,51.140934,50.69536,50.91407,51.058628,51.2946,51.149586
51.394154,51.43316,51.364105,50.99394,51.486,51.210224,50.622715,51.63173,51.819912,50.99362,50.914234,51.406555,51.49204,50.88103,51.52007,51.270107,51.309196,51.610943,51.658775,51.569412
51.56276,51.59016,51.55522,51.210045,51.50361,51.48042,50.84018,51.895752,51.914272,51.269905,51.13947,51.579395,51.475204,51.076984,51.718296,51.568043,51.523296,51.84115,51.83837,51.788055
51.42442,51.444305,51.437355,51.144306,51.155754,51.39462,50.783737,51.778038,51.491528,51.09651,51.05923,51.2645,51.12771,50.95274,51.588333,51.377953,51.424664,51.64603,51.740868,51.63839
51.077698,51.007046,51.094646,50.85171,50.43754,50.96537,50.507694,51.316807,50.843887,50.540035,50.71112,50.57945,50.565224,50.61651,51.201706,50.787548,51.089283,51.13183,51.404083,51.181915
50.63304,50.48746,50.636127,50.385277,49.59919,50.285095,50.0812,50.6546,50.105705,49.7463,50.174763,49.791805,49.907036,50.129414,50.683647,49.954823,50.605293,50.44814,50.94749,50.515324
50.21051,50.05137,50.16032,49.938885,48.785236,49.548187,49.658466,49.950306,49.485916,49.02434,49.695927,49.141224,49.340336,49.644073,50.195255,49.07045,50.13348,49.776997,50.475323,49.85361
49.870487,49.758186,49.841015,49.656578,48.18331,48.969833,49.336884,49.36176,49.14655,48.65526,49.426903,48.833313,49.067528,49.32794,49.844673,48.338478,49.794353,49.316364,50.114605,49.358204
49.85463,49.753487,49.8064,49.65376,48.06533,48.850628,49.27642,49.19227,49.101883,48.685165,49.454033,48.902676,49.098103,49.368687,49.832504,48.131546,49.759144,49.302647,50.065617,49.218094
50.250397,50.17391,50.243656,50.041138,48.68017,49.414093,49.674175,49.685734,49.654804,49.243244,49.918842,49.469513,49.590588,49.817223,50.322735,48.633476,50.189278,49.839764,50.479816,49.74261
51.202263,51.263763,51.206085,50.964207,50.03696,50.60242,50.621624,50.879147,50.843708,50.385456,50.90791,50.578045,50.66045,50.7836,51.373875,49.886894,51.210392,50.97029,51.4808,50.93617
52.986187,53.07947,52.95949,52.66446,52.455357,52.592953,52.302338,52.937565,52.855515,52.335484,52.64321,52.625885,52.723003,52.547005,53.13857,52.00746,53.058712,52.94184,53.227417,52.99449
55.69554,55.805725,55.58625,55.315308,55.75272,55.421272,54.85036,55.871803,55.808228,55.20613,55.344345,55.56724,55.77478,55.279533,55.766685,55.162415,55.748108,55.791363,55.869884,55.916187
59.17825,59.253967,58.979343,58.803654,59.715214,58.90841,58.18832,59.442383,59.475147,58.845276,58.773567,59.221497,59.667244,58.74143,59.18625,58.99115,59.166367,59.42775,59.30838,59.50272
63.046997,63.104126,62.81982,62.693356,63.87419,62.802513,62.03793,63.371914,63.53763,62.863045,62.616627,63.21632,63.83774,62.605614,63.03903,63.092766,63.006298,63.433456,63.184017,63.403553
66.61368,66.650116,66.41634,66.253944,67.42352,66.44073,65.659096,66.97722,67.14617,66.43792,66.164345,66.79806,67.43008,66.16564,66.61694,66.71831,66.54136,67.01604,66.76114,66.981636
69.09982,69.11968,68.970726,68.70079,69.57098,69.08929,68.31178,69.55015,69.53765,68.76911,68.63011,69.14661,69.54967,68.620445,69.15966,69.12031,69.01418,69.40577,69.307335,69.4906
70.016945,69.96685,69.92319,69.64349,69.91696,70.168625,69.325485,70.50803,70.01383,69.363205,69.55519,69.64412,69.720436,69.44949,70.03658,69.92156,69.81926,70.005005,70.24859,70.38697
69.0567,68.938225,69.00992,68.77149,68.29722,69.34134,68.43472,69.715294,68.508606,67.97597,68.49178,68.07165,68.07578,68.47561,68.98578,68.86713,68.83818,68.62948,69.32264,69.364395
66.34115,66.24238,66.244896,66.25096,65.0013,66.565506,65.777466,67.11981,65.20024,65.05697,65.761925,64.894516,64.79958,65.82531,66.11837,65.84196,66.13558,65.43492,66.57635,66.59112
62.34862,62.305943,62.244026,62.282288,60.86301,62.602005,61.836273,63.238117,60.899693,60.89966,61.73434,60.664124,60.574497,61.919758,62.077103,61.705223,62.24737,61.214386,62.62224,62.68698
58.145794,58.14285,58.04318,58.091877,57.051487,58.522472,57.677544,59.102295,56.652363,56.606346,57.50766,56.461998,56.63838,57.73104,57.859196,57.591206,58.123753,57.02127,58.447727,58.473392
54.548622,54.52381,54.472324,54.475384,54.14565,54.894077,54.057907,55.346035,53.40758,53.16809,53.93528,53.18892,53.70906,54.085384,54.33568,54.078194,54.573082,53.66639,54.835293,54.81935
52.10761,52.04405,52.103294,51.917473,52.43305,52.28469,51.57994,52.578926,51.70329,51.121357,51.54423,51.318466,52.01364,51.602108,52.063282,51.764492,52.140293,51.659275,52.39371,52.29269
50.98036,51.024403,51.05177,50.780537,51.879684,50.983437,50.47161,51.20025,51.41779,50.42189,50.560608,50.927425,51.69642,50.550232,51.16188,50.80157,51.112247,51.03988,51.330128,51.09921
51.10487,51.16103,51.158134,50.829067,52.123093,50.866127,50.490257,51.107605,52.082096,50.912556,50.690697,51.645695,52.24171,50.63623,51.3138,51.04683,51.272114,51.55606,51.441887,51.128983
51.863663,51.88078,51.864887,51.560234,52.49042,51.456444,51.141094,51.742714,52.964355,51.883595,51.460484,52.577293,52.797497,51.41143,52.00311,51.80179,51.982483,52.529587,52.1459,51.806984
52.644745,52.61957,52.605247,52.324154,52.56475,52.18345,51.8846,52.485203,53.35723,52.59029,52.226475,53.07996,52.892124,52.175373,52.735554,52.399727,52.69436,53.226086,52.91309,52.550312
52.975742,52.947636,52.95565,52.65931,52.16496,52.499226,52.286594,52.863472,53.08509,52.622395,52.519123,52.85655,52.44784,52.485626,53.091072,52.381233,53.00228,53.26492,53.291996,52.899353
52.734184,52.721874,52.744503,52.39888,51.232323,52.278816,52.12738,52.62518,52.149803,51.91321,52.26231,51.898335,51.604103,52.221153,52.896057,51.812717,52.723995,52.55949,53.079784,52.689957
52.104813,52.10005,52.11355,51.786495,50.2853,51.632706,51.547245,51.930386,51.037395,50.771736,51.64556,50.724625,50.723335,51.56756,52.24486,50.82897,52.04946,51.528797,52.441525,52.054085
51.412407,51.399452,51.456852,51.140003,49.68646,51.041447,50.867855,51.2802,50.13368,49.85239,50.994995,49.81594,50.16308,50.878887,51.516342,49.952938,51.358555,50.494564,51.70165,51.40499
51.137665,51.14288,51.146194,50.923656,49.803726,50.876812,50.567577,51.117588,49.97264,49.53693,50.732624,49.64782,50.2821,50.628613,51.211525,49.640133,51.03392,50.138153,51.40819,51.10836
51.512066,51.501434,51.491558,51.277515,50.68975,51.286427,50.859085,51.5475,50.747223,50.09087,51.103848,50.362278,51.107628,51.011036,51.563187,50.15828,51.370373,50.67868,51.722588,51.51845
52.511436,52.532326,52.49092,52.23579,52.358356,52.340004,51.822224,52.663048,52.31825,51.44382,52.103092,51.79649,52.607456,52.019276,52.6,51.524704,52.36355,52.01047,52.732487,52.6298
53.990303,54.042244,53.9713,53.666054,54.301434,53.92191,53.28578,54.30267,54.335377,53.294003,53.57647,53.872368,54.411182,53.499004,54.110836,53.412373,53.861233,53.86191,54.235855,54.268166
55.66701,55.732643,55.644695,55.30909,56.185574,55.731552,54.9673,56.14472,56.298687,55.2712,55.245266,55.925266,56.172607,55.16958,55.79246,55.54734,55.56332,55.869118,55.915455,56.11591
57.133865,57.19898,57.10701,56.774105,57.575874,57.33818,56.463173,57.746933,57.76835,56.90636,56.721535,57.445362,57.427418,56.629147,57.240093,57.346123,57.050255,57.516727,57.378323,57.706863
58.08251,58.105797,58.06697,57.75071,58.23761,58.379383,57.46055,58.746357,58.418587,57.81563,57.680748,58.14126,57.992622,57.568233,58.146904,58.356976,58.013947,58.440136,58.33096,58.683895
58.23727,58.15971,58.2591,57.948456,57.851063,58.555992,57.661106,58.87181,58.115402,57.727615,57.81744,57.81907,57.67418,57.71383,58.27056,58.351265,58.18422,58.370586,58.49455,58.750195
57.621857,57.498116,57.633163,57.355434,56.766975,57.83853,57.02083,58.16517,57.001934,56.719616,57.134136,56.67494,56.663784,57.09857,57.626385,57.423405,57.553883,57.417683,57.87406,57.860676
56.47133,56.350975,56.462055,56.218075,55.21631,56.49969,55.925495,56.836563,55.463802,55.22066,55.940346,55.141384,55.256557,55.931915,56.463573,55.891342,56.376904,55.938854,56.744102,56.38947
55.263683,55.14692,55.26926,55.01399,53.891598,55.089333,54.76488,55.38296,54.13297,53.84277,54.74133,53.82607,54.069424,54.73277,55.29671,54.307266,55.196526,54.530174,55.558434,55.039307
54.48517,54.39959,54.51842,54.250874,53.30968,54.14681,54.020042,54.38782,53.569763,53.11021,54.047256,53.265102,53.591534,53.990788,54.598053,53.312126,54.501404,53.78116,54.80517,54.194466
54.383648,54.418728,54.427437,54.151035,53.57485,53.8965,53.910553,54.170765,53.91067,53.25433,54.049763,53.547993,53.9376,53.91697,54.59029,53.186882,54.474037,53.884373,54.728355,54.06661
54.94105,55.02047,54.99181,54.644093,54.525288,54.34781,54.414963,54.655926,54.91354,54.079575,54.611637,54.54225,54.911037,54.451977,55.161186,53.796383,55.07044,54.675533,55.270943,54.640377
55.926685,56.029724,55.924965,55.573177,55.696487,55.306732,55.27118,55.6588,56.24054,55.27751,55.58165,55.88843,56.050777,55.458496,56.092506,54.969635,56.04393,55.90837,56.19334,55.718376
57.054466,57.114372,56.939533,56.620052,56.768963,56.447784,56.188164,56.84285,57.363644,56.52215,56.62531,57.049507,56.98256,56.565517,57.133408,56.385033,57.08567,57.131374,57.24668,56.9667
58.070232,58.095974,57.9005,57.61471,57.678623,57.57779,57.112854,58.009956,58.261993,57.594105,57.54745,57.920208,57.700855,57.554893,58.10244,57.694485,57.966476,58.24603,58.2445,58.173733
59.026215,59.045597,58.86451,58.595917,58.622192,58.68713,58.050076,59.143276,59.06707,58.593597,58.509,58.732605,58.518955,58.50513,59.057644,58.832813,58.92327,59.220165,59.213383,59.304104
59.88157,59.89833,59.75685,59.484337,59.56923,59.648373,58.97689,60.0986,59.807396,59.39068,59.39744,59.462658,59.433216,59.3681,59.94551,59.687122,59.833332,60.018444,60.088833,60.244553
60.470146,60.49306,60.413387,60.09184,60.271004,60.29221,59.697395,60.720387,60.29678,59.89479,59.992943,59.955128,60.183598,59.96551,60.59903,60.168556,60.475185,60.526318,60.740463,60.815697
60.544422,60.548767,60.52899,60.218357,60.270473,60.354786,59.857246,60.76034,60.29902,59.829746,60.102333,59.867413,60.296955,60.031708,60.716377,60.078007,60.49321,60.460213,60.864418,60.77961
59.843124,59.74585,59.838528,59.58896,59.248222,59.642677,59.189,60.00286,59.477325,58.907227,59.38954,58.980915,59.408436,59.315887,59.943176,59.26043,59.6825,59.572918,60.157455,59.959225
58.281193,58.114796,58.261738,58.029415,57.29822,58.079647,57.598343,58.47707,57.716442,57.170254,57.733883,57.269466,57.495655,57.700386,58.259594,57.60784,58.038277,57.788986,58.523865,58.337837
56.038994,55.88361,56.011253,55.83641,54.8241,55.908875,55.400826,56.371468,55.29954,54.877426,55.465267,54.93895,54.98058,55.47057,55.95401,55.36882,55.81134,55.41564,56.254486,56.156685
53.694965,53.556393,53.671337,53.517094,52.483604,53.617306,53.10076,54.1131,52.88195,52.570213,53.1437,52.61924,52.58131,53.16647,53.62017,53.07067,53.550224,53.090115,53.911118,53.872456
52.02682,51.87944,52.005142,51.82244,51.088505,51.866184,51.44517,52.34718,51.33516,51.006668,51.52291,51.10611,51.179153,51.504166,52.00142,51.4011,51.956646,51.570217,52.261448,52.148563
51.60356,51.462517,51.59732,51.340416,51.021935,51.192764,51.03461,51.626667,51.2565,50.739094,51.147106,50.91172,51.250965,51.102234,51.66913,50.883728,51.598724,51.409096,51.89806,51.539646
52.65993,52.643456,52.67643,52.34665,52.42288,51.864613,52.070503,52.271458,52.82008,52.00776,52.32175,52.408432,53.033768,52.179234,52.80547,51.696217,52.707806,52.70527,52.95988,52.32954
55.031376,55.08977,54.997375,54.778393,54.80242,53.818893,54.358036,54.16549,55.56961,54.68282,54.751377,55.284824,56.003826,54.627495,55.17389,53.793785,55.053288,55.34727,55.310898,54.355446
58.113842,58.148712,58.155556,57.87011,57.75266,56.843975,57.413105,57.146244,58.755936,57.97043,57.82824,58.553207,59.04428,57.74374,58.28297,56.816254,58.110596,58.580128,58.40945,57.335663
61.23854,61.30921,61.3264,61.006134,60.71534,60.229065,60.59803,60.466614,61.78136,61.113956,60.943,61.57344,61.621742,60.87439,61.437176,60.036453,61.235844,61.70197,61.568783,60.639874
63.872673,63.962784,63.957638,63.671947,63.148235,63.279472,63.316154,63.54623,63.993767,63.58439,63.58801,63.86772,63.60924,63.495544,64.08135,62.898045,63.886177,64.11747,64.23545,63.61355
65.89134,65.944214,65.93985,65.73659,64.98448,65.69304,65.39891,66.020546,65.48379,65.27281,65.6135,65.357475,65.12636,65.50043,66.07115,65.12715,65.9363,65.80796,66.2425,65.98038
67.39206,67.401764,67.40047,67.27741,66.45231,67.47952,66.93216,67.872986,66.5569,66.42484,67.11403,66.458954,66.387505,66.982574,67.53551,66.73989,67.45201,67.00522,67.74067,67.73917
68.6523,68.63773,68.648476,68.5501,67.843666,68.86394,68.191505,69.31608,67.56875,67.44753,68.36079,67.47913,67.69747,68.22277,68.77432,68.00124,68.70851,68.00816,68.99924,69.134186
69.978615,69.976234,69.96309,69.868126,69.461555,70.20102,69.50447,70.67341,69.00787,68.706245,69.68248,68.81824,69.321144,69.54101,70.118744,69.33606,70.009605,69.29145,70.33955,70.48711
71.46651,71.504684,71.42858,71.288414,71.34915,71.623116,70.94454,72.1032,70.89115,70.2863,71.13461,70.51261,71.20596,71.00311,71.62856,70.90992,71.44961,70.909584,71.82682,71.9124
72.7793,72.82583,72.70255,72.45032,72.99283,72.90867,72.15948,73.35594,72.64683,71.74934,72.36053,72.09271,72.7855,72.24691,72.92267,72.404274,72.680176,72.415825,73.11786,73.1461
73.2916,73.343994,73.26012,72.8598,73.65168,73.52915,72.526085,73.943695,73.50418,72.440674,72.77122,72.929825,73.22826,72.69547,73.43682,73.17881,73.180984,73.159386,73.57561,73.64525
72.557655,72.64726,72.4614,72.13794,72.83966,72.97247,71.637024,73.43998,72.79044,72.08175,72.0256,72.38657,72.23733,71.99477,72.59256,72.836266,72.368515,72.494865,72.797264,73.07474
70.28884,70.394135,70.23574,69.85069,70.54054,71.14086,69.25759,71.57461,70.26465,69.881485,69.76344,70.00977,69.58906,69.70738,70.09431,71.15683,70.11167,70.301445,70.4798,71.169014
66.58902,66.75864,66.757965,66.36679,67.07388,67.97736,65.72004,68.32351,66.279686,66.051384,66.12535,66.00518,65.593956,66.032036,66.51202,67.99118,66.548355,66.696724,66.83512,67.75684
62.187244,62.395973,62.40629,62.123856,62.623665,63.435574,61.377438,63.778545,61.571064,61.47781,61.729855,61.29604,61.232235,61.632256,62.164196,63.565643,62.25985,62.297062,62.44242,63.250633
57.7701,58.024593,58.02302,57.688526,58.201492,58.695312,56.98989,59.06047,57.05942,56.981632,57.24853,56.591396,57.15334,57.203617,57.780228,58.79034,57.943913,57.848186,57.97128,58.55618
53.957832,54.207813,54.11997,53.7725,54.68613,54.54446,53.166634,54.969986,53.39055,53.12639,53.4079,52.857388,53.893276,53.341232,53.94714,54.645496,54.175526,54.02791,54.119682,54.47293
51.059326,51.32413,51.159615,50.837223,52.15431,51.363056,50.284943,51.86367,50.907516,50.32778,50.57809,50.41566,51.68552,50.46482,51.04249,51.563423,51.305595,51.166378,51.248646,51.35356
50.09614,50.16764,50.176296,49.818295,51.117104,49.96231,49.432934,50.355618,50.635338,49.671436,49.746544,50.166256,51.212753,49.675407,50.310863,49.820656,50.131405,50.27387,50.391243,50.28853
52.081493,52.082146,52.176037,51.88548,52.784565,51.96539,51.488388,52.311726,52.760212,51.751274,51.771553,52.37555,52.92423,51.662384,52.259327,51.88624,52.076363,52.332497,52.40149,52.241077
53.175854,53.07784,53.253258,52.99761,52.963055,52.98838,52.594227,53.38603,53.473225,52.67665,52.769314,53.272476,53.162003,52.70398,53.216755,52.896244,53.114147,53.296326,53.45125,53.240406
52.833645,52.756775,52.870632,52.759304,51.421288,52.57496,52.340355,53.102753,52.506268,52.025127,52.376816,52.306705,51.77146,52.392242,52.76276,52.361782,52.769234,52.716347,53.083084,52.85936
51.111122,51.053555,51.11183,51.082596,48.521606,50.8,50.64575,51.40348,49.869694,49.887966,50.63875,49.84418,48.757393,50.712856,51.006786,50.244556,51.049,50.613102,51.34934,51.08878
48.585255,48.52477,48.58721,48.536293,45.337524,48.27955,48.091026,48.874622,46.59429,46.9711,48.125847,46.70046,45.496227,48.164104,48.529964,47.34729,48.513107,47.80178,48.809242,48.565254
48.993324,48.715668,49.046425,48.43206,44.55108,46.577366,48.1678,46.717,46.516136,46.955593,48.333035,46.75092,45.84358,48.426414,48.761345,45.39538,48.623146,48.032566,49.182087,46.796947
53.3069,53.33783,53.27854,52.50012,50.750538,51.500866,52.16091,51.644592,51.15992,51.206516,52.60972,51.174065,51.10079,52.60832,53.095882,50.41296,52.93206,52.340534,53.486515,51.63374
60.94619,61.239845,60.637302,60.069263,60.417137,59.384144,59.151825,59.78332,59.600048,58.86483,60.150288,59.186127,59.98984,60.2189,60.67416,58.816803,60.524105,59.935493,60.978573,59.833046
71.595764,72.33515,71.223305,71.10486,73.320496,70.497734,69.89563,70.99546,71.97561,70.67341,70.897125,71.48848,72.819214,71.232895,71.69501,71.01197,71.538445,71.32298,71.88644,71.32948
84.7738,85.83211,84.49343,84.6028,87.928894,84.239044,83.24427,84.68779,87.15273,85.35323,84.15388,86.54058,87.55279,84.66127,85.09356,85.99725,84.97081,85.68439,85.46724,85.29117
98.95942,100.023544,98.57591,98.81803,102.24988,98.57319,97.394005,99.05266,102.05931,100.28998,98.34785,101.53616,101.99216,98.76739,99.22315,101.0247,99.03405,100.70626,99.610916,99.897514
110.56598,110.72321,110.392365,110.57194,112.96674,110.13548,109.58111,110.76117,113.4218,112.36871,110.258064,113.040665,113.11723,110.44271,110.49013,112.62645,110.71403,113.01742,110.906685,110.72383
115.123535,115.11366,115.065125,114.91512,116.05434,114.75091,114.105965,115.23866,116.58883,116.03191,114.73199,116.29338,116.288605,114.75705,115.16969,116.27796,115.08357,116.82275,115.26704,115.26869
116.7822,116.700485,116.82155,116.566284,116.01037,116.65149,116.11335,116.9781,116.952805,116.75617,116.410736,116.999596,116.240135,116.35019,116.87592,116.84639,116.71213,117.44933,117.08374,116.91605
115.37421,115.47052,115.36887,115.47193,112.980385,115.1514,115.13051,115.77727,114.23577,114.4047,114.96726,114.020035,113.114975,115.11652,115.2536,114.66511,115.45128,115.04386,115.73942,115.43798
111.10662,111.1876,111.02244,111.420746,107.583176,110.97727,110.99733,111.35478,108.85412,109.088974,110.56423,108.77147,107.63733,110.902725,110.98117,109.38878,111.212685,110.12272,111.34193,111.119026
105.34747,105.354095,105.27855,105.68183,101.664604,105.322235,104.93754,105.44916,102.57855,102.55378,104.71878,102.47792,101.73317,104.92418,105.24583,103.09136,105.42375,103.628395,105.451225,105.270454
99.69653,99.6963,99.66397,100.0,96.64656,99.64523,99.32459,99.836365,97.07265,96.833885,99.084694,96.9087,96.74477,99.28761,99.662056,97.40693,99.79475,97.783295,99.81072,99.55421
93.58986,93.07565,93.35947,93.59533,93.44398,93.96578,93.192215,94.06544,92.06242,91.51019,92.841446,91.215546,92.15069,92.74997,93.29036,93.12513,93.850914,92.35367,94.19561,93.84433
86.100624,85.777176,85.96799,86.1962,87.314125,86.077934,85.727,86.392525,86.14584,85.00103,85.46652,85.16897,86.48263,85.35286,86.039024,85.839745,86.385765,85.813095,86.73908,86.458115
80.931465,81.066826,81.04786,80.938324,83.61004,80.718994,80.50305,80.83132,82.60956,80.88194,80.46372,81.6278,83.01033,80.2923,81.296165,81.03384,81.391556,81.8337,81.55306,81.371346
78.66298,78.90957,78.47909,78.62801,81.89633,77.92032,77.80342,78.37097,81.8785,79.65084,77.95325,80.92451,81.85034,78.09479,78.91952,79.59152,79.104454,80.3965,78.93505,78.748634
78.40155,78.66803,78.137215,78.55853,81.42083,77.38147,77.60284,78.39249,82.163246,80.31417,77.64114,81.24259,81.7799,77.997375,78.46734,80.33311,78.9262,81.00075,78.71926,78.17181
79.274124,79.401825,79.00843,79.33113,81.18712,78.25689,78.353676,79.23795,81.930626,80.96117,78.4835,81.238106,81.78484,78.81442,79.05668,81.0714,79.608025,81.86655,79.54466,78.814804
79.87621,79.85984,79.60471,79.91417,80.35474,78.69969,78.83946,79.61256,80.81468,80.48969,79.2376,80.37988,80.988754,79.28618,79.49611,80.63218,79.895485,81.43327,79.98142,79.153656
79.15193,79.082886,79.040596,79.035675,78.02644,77.94532,78.11099,78.71903,78.782326,78.75267,78.61338,78.69145,78.6269,78.519745,78.90003,78.575745,79.01662,79.43679,79.3655,78.37109
77.50238,77.4253,77.6383,77.399414,75.99901,77.51465,76.97417,77.701614,76.555504,76.242905,77.07651,76.05892,76.177185,77.018234,77.54383,76.57495,77.41628,76.8764,77.84422,77.57294
74.74638,74.798416,74.88886,74.944305,71.901825,74.71912,74.575554,75.11966,72.627106,72.44674,74.25988,72.32282,71.94104,74.40339,74.57067,72.81412,74.76583,73.32319,75.13286,74.738266
69.92721,70.065475,70.016556,70.333084,66.436935,69.90057,70.0634,70.300224,67.22944,66.744576,69.38857,67.01181,66.56132,69.73587,69.800026,67.23094,69.96425,67.827965,70.30757,69.88058
66.01192,66.25285,66.22135,66.53017,61.257767,64.465546,66.16862,64.74277,63.30975,62.91311,65.471245,63.42314,63.24329,65.99116,65.960304,61.585423,66.141846,63.72871,66.717735,64.36563
65.13641,65.22464,65.357544,65.41639,61.926167,62.99478,65.01245,63.13116,62.79908,62.082237,64.5435,62.64974,63.300224,64.995476,64.94315,60.59111,65.040115,62.92812,65.617744,62.87778
66.83717,66.86026,66.92908,66.81006,66.06181,65.1242,66.39087,65.41001,65.4496,64.34349,66.175995,65.06637,66.44697,66.56342,66.50145,63.49198,66.46911,65.09961,67.27935,64.856606
71.18011,71.13907,71.080925,70.85263,72.16902,69.93596,70.216034,70.399,71.03883,69.59116,70.42021,70.52715,71.78215,70.66856,70.87832,69.24072,70.71756,70.15981,71.447296,69.86358
77.30273,77.52991,77.321465,76.79357,79.32767,76.72854,76.18249,77.03006,78.26972,76.581696,76.63765,77.941956,78.85574,76.7451,77.4158,76.812065,76.908104,77.249374,77.7125,77.09378
84.40704,84.92646,84.33726,83.816826,86.383606,84.18413,83.082634,84.55655,86.013306,84.57453,83.7478,85.72828,86.00975,83.8518,84.59039,85.07281,84.08216,85.137085,84.820724,85.099915
91.17974,91.670105,90.935905,90.65558,92.28305,91.15389,89.72032,91.596886,92.46605,91.638145,90.4937,92.11385,91.925766,90.57468,91.22912,92.31588,90.781975,92.161705,91.49717,92.39691
96.279755,96.73815,96.10087,96.08307,96.43115,96.60013,95.122604,97.149376,96.78374,96.425835,95.78668,96.44848,96.01796,95.76341,96.37003,97.37534,96.047264,97.04982,96.675255,98.01401
99.45103,99.68043,99.37028,99.401054,98.79257,99.97637,98.59113,100.617096,99.064865,98.91458,99.04224,98.723885,98.32467,98.93964,99.52941,99.97594,99.368256,99.64561,99.86912,101.31687
100.77871,100.854034,100.63929,100.58063,99.729515,101.32809,100.081505,101.91093,99.61195,99.370186,100.24595,99.075806,99.17461,100.155525,100.811035,100.79249,100.71192,100.27878,101.08931,102.198715
100.46163,100.43467,100.355316,100.11949,99.599106,100.96619,99.76383,101.38429,98.81314,98.38093,99.765724,98.2916,98.89559,99.76495,100.56166,100.06317,100.42506,99.35194,100.61861,101.12527
98.94679,99.01196,98.82918,98.58884,98.59174,99.33073,98.27566,99.55135,97.30663,96.92122,98.24633,96.85248,97.976204,98.294,99.08997,98.05115,98.82052,97.40457,99.15418,98.70635
96.36688,96.372734,96.46056,96.138145,96.941124,96.812096,95.66746,96.926895,95.189995,94.65547,95.7549,94.90487,96.14075,95.781334,96.35864,95.72606,96.35786,94.900154,96.64204,95.87337
92.6949,92.718,93.00842,92.653305,94.042175,93.25815,92.192245,93.51099,92.24789,91.45194,92.24433,91.925835,92.88077,92.24976,92.69587,92.65149,92.8944,91.639534,93.12575,92.344086
88.03255,88.13227,88.37839,88.12454,88.9722,88.57393,87.60682,88.93525,88.079254,87.202545,87.63755,87.849594,88.14302,87.55055,88.039,88.39951,88.25576,87.521416,88.56564,87.9849
82.441376,82.50972,82.759056,82.646614,82.53516,82.90756,82.04488,83.37368,82.5537,81.90862,82.076065,82.45334,82.096565,81.96134,82.4197,82.98903,82.69328,82.44342,82.91723,82.64311
76.09568,76.13493,76.36267,76.23699,75.38183,76.45534,75.66793,76.98556,75.87635,75.61813,75.62514,75.76271,75.15898,75.55428,76.05813,76.669754,76.33327,76.36241,76.46431,76.379
69.55499,69.56374,69.73025,69.525894,68.34692,69.750824,69.0309,70.29652,68.82642,68.948555,69.03044,68.73408,68.17392,68.93386,69.503204,69.980095,69.74437,69.8455,69.83172,69.810036
63.645473,63.71701,63.781902,63.53102,62.541645,63.68824,63.07031,64.26234,62.605267,62.910664,63.187378,62.544834,62.332245,63.046032,63.62459,63.865498,63.834743,63.877567,63.914196,63.835674
59.293427,59.47493,59.46023,59.202496,58.554905,59.105663,58.724335,59.767147,58.347946,58.58818,58.965107,58.205685,58.445423,58.795097,59.352955,59.296,59.52797,59.402622,59.714046,59.37444
57.253548,57.42588,57.41194,57.08111,57.069317,56.663258,56.59699,57.33427,56.76397,56.724655,56.99908,56.49707,57.201504,56.831192,57.32683,56.900864,57.521862,57.28968,57.734234,57.10173
57.88694,57.867386,57.858532,57.64733,57.735252,56.781105,57.042675,57.20512,58.011646,57.35601,57.629383,57.709984,58.57974,57.389435,57.872116,56.85815,58.014694,57.87649,58.253704,57.13483
60.519897,60.49846,60.44876,60.355446,59.59969,58.607597,59.629105,59.125534,61.12869,60.248543,60.35527,61.04506,61.64096,60.141838,60.49657,58.75146,60.472332,60.583916,60.88459,59.162766
64.66461,64.6148,64.812004,64.46833,62.64298,62.01772,63.618877,62.466732,65.18325,64.409996,64.38366,65.18775,65.42325,64.319565,64.621864,61.97595,64.568375,64.77861,65.1229,62.80751
69.197525,69.182945,69.47117,68.7204,67.13376,66.559944,68.24965,66.81308,69.34295,68.59023,68.71733,69.16784,68.95203,68.80124,69.17057,66.27845,69.00389,69.21742,69.650665,67.03574
73.45735,73.52285,73.672455,72.85413,71.94624,71.77856,72.571075,71.92123,72.97233,72.46587,72.84144,72.790016,72.47733,72.99737,73.47795,71.25649,73.22067,73.218414,73.886955,71.904305
77.48728,77.65164,77.58033,76.88464,76.21921,76.63891,76.5507,76.856255,76.46222,76.11041,76.82622,76.19182,76.14206,76.97242,77.59884,75.948586,77.17318,76.927246,77.83691,76.68248
81.507225,81.75384,81.48211,80.99001,80.47217,81.187485,80.472115,81.52884,80.18879,79.94605,80.89413,79.97874,80.210175,80.94459,81.652275,80.42255,81.134895,80.71186,81.81552,81.4999
85.72909,86.00479,85.61364,85.26144,84.983734,85.64485,84.5923,86.08281,84.45093,84.158615,85.13153,84.24922,84.70425,85.11629,85.86402,84.914604,85.347496,84.841934,86.03596,86.384
89.99275,90.26866,89.8225,89.568344,89.66508,90.01004,88.886284,90.51449,89.16472,88.63746,89.4504,88.797775,89.44183,89.38691,90.15266,89.46996,89.65152,89.25963,90.39507,91.01543
94.022064,94.27537,93.83788,93.63585,94.16558,94.01864,93.06408,94.66117,93.808624,92.96166,93.548935,93.26313,93.92076,93.45792,94.24824,93.77033,93.74733,93.60928,94.53805,95.214066
97.27893,97.5085,97.13951,96.95835,97.638504,97.26997,96.53015,98.00231,97.626656,96.542435,96.8781,97.003624,97.39404,96.76456,97.58724,97.322945,97.100525,97.27659,97.84943,98.47239
99.05148,99.21466,98.95164,98.69002,99.38412,99.1226,98.42352,99.83225,99.64166,98.470116,98.64177,98.99595,99.01852,98.53657,99.349434,99.43365,98.90498,99.311844,99.55908,99.992
98.826775,98.84614,98.70584,98.28943,99.01714,99.16366,98.074356,99.73702,99.10829,98.21514,98.28978,98.57372,98.2672,98.18726,98.976776,99.49657,98.65654,99.03774,99.04,99.47194
96.5065,96.652985,96.38876,96.098564,96.648544,97.28382,95.58648,97.66718,96.32213,96.12244,96.01933,96.05796,95.67712,95.904106,96.42336,97.386604,96.33994,96.51507,96.5605,96.920235
92.588165,92.669556,92.63308,92.364334,93.20332,93.77834,91.784485,94.09188,92.05781,92.15339,92.08522,91.80216,91.76354,92.060776,92.51799,93.92752,92.66135,92.52351,92.75459,93.1019
88.09979,88.27418,88.32121,88.12164,89.27886,89.272675,87.4519,89.66769,87.58685,87.51966,87.589645,87.21319,87.648315,87.65372,88.18637,89.56617,88.30928,88.09747,88.52802,88.54964
83.92782,84.157585,84.29667,84.06453,85.05439,84.728035,83.41701,85.17967,83.63223,83.371956,83.47205,83.15917,84.04069,83.44999,84.11126,84.974754,84.27954,84.096306,84.42476,84.28816
80.490944,80.71624,80.85082,80.52533,81.55728,80.883224,80.00553,81.31346,80.466225,79.964516,79.95523,79.90118,81.0983,79.947075,80.6554,80.986465,80.84581,80.70213,80.94241,80.68005
77.54154,77.75798,77.84538,77.48572,78.4392,77.618484,77.04218,78.042,77.80446,77.05978,77.06878,77.26777,78.34004,76.96279,77.66093,77.71984,77.8551,77.792946,77.95108,77.526886
74.69041,74.84779,74.88723,74.6524,75.04878,74.44227,74.182465,74.91169,75.014755,74.20395,74.3404,74.63116,75.15577,74.11801,74.72619,74.60074,74.92285,74.934,75.0618,74.51582
71.70313,71.7296,71.83564,71.631,71.107315,71.19462,71.18748,71.74562,71.73358,71.15254,71.394165,71.552826,71.43512,71.175064,71.68222,71.34299,71.85269,71.721,72.125,71.36979
68.62831,68.574196,68.66345,68.528145,66.93037,67.81293,68.04351,68.47885,68.13382,67.886345,68.31075,68.045715,67.48618,68.09218,68.52123,67.94509,68.70561,68.34471,68.98804,68.169044
65.84439,65.6894,65.81292,65.7207,63.067245,64.729675,65.2622,65.383644,64.709885,64.7792,65.453186,64.85349,63.911808,65.28651,65.72815,64.602905,65.84804,65.22671,66.167145,65.1635
64.05796,63.803898,63.967007,63.852524,60.687687,62.660076,63.52547,63.214695,62.5497,62.69232,63.591755,62.7115,61.858418,63.53026,63.974136,62.117836,64.048,63.374325,64.45701,63.08694
63.865997,63.809822,63.894936,63.716614,60.702404,62.25706,63.373627,62.730705,62.44626,62.816456,63.62976,62.819195,62.395306,63.579185,64.058205,61.438843,63.973606,63.28088,64.397156,62.81224
66.21908,66.3801,66.53396,66.07363,63.81811,64.10098,65.69049,64.46136,65.29099,65.30407,66.03441,65.36506,65.67197,65.9916,66.524826,63.31189,66.3795,65.90776,66.83737,64.71903
70.81436,70.98793,71.1403,70.36562,70.28645,69.03009,70.02367,69.289055,70.47104,69.83607,70.48083,70.0487,70.90922,70.496284,70.94447,68.358696,70.817604,70.601906,71.281654,69.29147
76.939354,77.068306,76.968834,76.32945,77.56768,75.580246,75.725975,75.937675,77.07819,75.97094,76.35807,76.56867,77.500595,76.48896,76.85024,75.41,76.66258,76.72022,77.2174,75.88394
83.60667,83.81402,83.41361,83.07063,84.622765,82.68207,82.23682,83.246994,84.2217,82.998726,82.89588,83.7263,84.3006,83.10186,83.48496,83.03188,83.215546,83.61354,83.81888,83.15604
90.1237,90.330215,89.81385,89.60344,90.990944,89.64807,88.6529,90.30035,90.81165,89.74764,89.33163,90.32769,90.50584,89.51163,90.0144,90.23906,89.63899,90.29268,90.26583,90.44329
95.586876,95.76299,95.244286,95.15479,96.168625,95.62413,94.148026,96.32431,96.042755,95.24063,94.887314,95.53991,95.58017,94.931435,95.53152,96.164764,95.138,95.72504,95.71145,96.68804
99.55114,99.743065,99.413605,99.25439,100.02639,100.13337,98.384186,100.86591,99.73217,99.16478,99.05623,99.34356,99.300354,98.96341,99.59191,100.39376,99.3258,99.6383,99.80124,101.280495
102.104355,102.27965,102.06855,101.76117,102.546196,102.95981,101.31703,103.71584,101.92621,101.54706,101.69022,101.60534,101.753914,101.5461,102.23084,102.98478,102.05831,102.118935,102.47657,103.93787
103.253494,103.257484,103.19709,102.913185,103.45284,104.08211,102.712814,104.69155,102.82634,102.28591,102.782776,102.3063,102.79601,102.71041,103.33294,103.920654,103.196045,103.10222,103.67265,104.59557
102.93959,102.8657,102.849525,102.623505,102.82507,103.35595,102.422455,103.97745,102.22379,101.58768,102.233406,101.585945,102.324814,102.38981,102.90146,103.07507,102.82182,102.441055,103.21422,103.346886
100.8797,100.88975,100.7161,100.72858,100.41367,100.81864,100.4042,101.53736,100.046585,99.53522,100.14187,99.41819,100.200935,100.45367,100.74335,100.40974,100.66003,100.094444,101.13938,100.43887
97.052795,97.105606,96.88295,96.96852,96.39961,97.038124,96.540405,97.64706,96.24676,95.80109,96.30742,95.72107,96.274536,96.72032,96.74947,96.57311,96.90488,96.11985,97.293335,96.494125
91.838875,91.93504,91.78763,91.889336,91.18157,92.06863,91.41813,92.643394,90.946075,90.65758,91.24777,90.70173,90.63859,91.54147,91.46856,91.63957,91.83133,90.99713,92.16056,91.39841
86.07611,86.15486,86.15748,86.24683,85.34655,86.359634,85.75714,86.93257,85.13791,84.96247,85.60641,85.08831,84.49017,85.7309,85.80661,86.06862,86.23837,85.3999,86.48315,85.887665
80.84529,80.92462,80.96862,81.04684,80.09924,81.11383,80.55873,81.672874,79.885796,79.90629,80.50217,80.01923,79.32783,80.39042,80.69859,80.88587,81.150276,80.45658,81.31543,80.91856
77.12112,77.2235,77.344315,77.11601,76.79407,77.29819,76.844574,77.68893,76.45528,76.45319,76.86937,76.50951,76.171104,76.63925,77.24939,77.133736,77.512314,77.03856,77.67069,77.347725
75.625946,75.939804,75.82182,75.460915,75.95709,75.47448,75.28929,75.93112,75.52465,75.19883,75.381454,75.33351,75.53664,75.21129,75.93833,75.4818,76.15254,75.85123,76.20491,75.78946
76.84012,76.941734,76.7386,76.53667,77.51345,75.98277,76.0732,76.48548,77.1517,76.44425,76.43958,76.92519,77.729485,76.40652,76.99291,76.32664,77.16574,77.20578,77.08273,76.61522
80.005196,79.93889,79.73744,79.870094,80.540085,78.564606,79.06558,79.063705,80.94977,79.87063,79.57304,80.484184,81.43233,79.608574,79.96902,79.1712,80.148155,80.579895,80.14777,79.26875
84.03398,84.07184,83.78381,83.9935,83.9969,82.31179,83.0583,82.82084,85.18292,84.16544,83.7761,84.82558,85.504425,83.66341,83.98352,82.92392,83.986885,84.640205,84.15444,83.059265
88.07737,88.040184,87.90345,88.01926,86.96752,86.09157,87.04522,86.62052,88.74343,88.091,87.73335,88.542885,88.77615,87.71481,87.95901,86.45584,87.91663,88.4268,88.17575,86.91322
90.98686,90.93629,90.894936,90.7885,89.41596,89.410904,90.049515,89.724815,91.010216,90.5858,90.55389,90.893616,90.576126,90.57692,90.96799,89.05075,90.84088,91.002235,91.16533,90.143936
92.35726,92.35427,92.35263,92.06119,91.000626,91.85809,91.66833,92.002396,91.74545,91.51793,91.89258,91.577194,91.22837,91.92186,92.48944,91.005615,92.26685,92.04032,92.63559,92.11983
92.41127,92.32125,92.39526,92.12885,91.15098,92.67057,91.78274,92.85745,91.17599,90.98359,91.89427,90.85788,90.83546,91.890305,92.47159,91.51379,92.208015,91.58206,92.66336,92.7363
91.53692,91.39042,91.45696,91.25864,90.354195,92.102615,90.82878,92.5396,89.79494,89.62101,90.854904,89.40969,89.83039,90.8959,91.37685,90.68986,91.199005,90.224464,91.64431,92.22142
90.29099,90.15944,90.123314,90.05458,89.45607,90.88256,89.52562,91.565994,88.56545,88.168205,89.51782,88.06659,88.942856,89.66872,89.99661,89.51212,89.85701,88.84255,90.32783,91.14335
89.262596,89.14698,89.063614,88.99576,88.95528,89.71977,88.441734,90.51529,88.05482,87.31237,88.44654,87.42088,88.552345,88.63408,88.94229,88.65753,88.77178,88.02518,89.30896,90.110016
88.75317,88.65646,88.59372,88.41936,88.99997,89.01662,87.932884,89.7931,88.39637,87.29054,87.940155,87.600136,88.6851,88.11555,88.48244,88.436646,88.287796,88.009285,88.849014,89.49184
88.67946,88.57043,88.63854,88.31663,89.365616,88.792175,87.88865,89.44459,89.10257,87.808266,87.94663,88.323006,89.15293,88.08828,88.54673,88.69223,88.31445,88.52076,88.831726,89.24694
88.659225,88.563416,88.66109,88.31389,89.43307,88.648865,88.013954,89.21807,89.53628,88.28197,88.041756,88.97408,89.32006,88.150185,88.65396,88.87557,88.39995,88.948746,88.913315,88.79966
88.260544,88.15228,88.31539,88.00095,88.75463,88.18916,87.64631,88.61004,89.0968,88.23755,87.822586,88.80062,88.66049,87.803024,88.30071,88.57035,88.138695,88.790886,88.52215,88.315056
87.02156,86.90767,87.10432,86.83451,86.91584,87.18635,86.43954,87.53159,87.37053,87.03314,86.65696,87.270744,86.825035,86.59128,87.06907,87.37835,87.00038,87.42686,87.28859,87.1593
84.903595,84.81839,85.02144,84.765236,84.19662,85.26483,84.38393,85.56475,84.56361,84.61852,84.555374,84.45775,84.0332,84.49594,84.97045,85.13735,84.97693,84.95267,85.21954,85.14631
82.3905,82.38905,82.54057,82.282974,81.19441,82.82232,81.94737,83.04595,81.45402,81.61712,82.054405,81.33717,81.04601,82.004326,82.53441,82.28902,82.556114,82.09826,82.77201,82.676605
80.23817,80.332054,80.40518,80.1025,78.93146,80.55878,79.820946,80.76689,78.94049,79.09941,79.903885,78.84546,78.84327,79.84403,80.48826,79.68273,80.46581,79.675095,80.68016,80.45664
79.293915,79.3769,79.4098,79.10841,78.155304,79.25834,78.813576,79.540474,78.13182,77.97738,78.93117,77.9301,78.26105,78.85355,79.55643,78.24106,79.56146,78.60922,79.71573,79.30954
79.95821,80.03049,79.96707,79.66073,79.302734,79.388054,79.328545,79.78237,79.28246,78.61927,79.55945,78.80336,79.64965,79.50801,80.13793,78.454834,80.17174,79.28896,80.312164,79.66514
82.165726,82.28123,82.07747,81.90019,81.98598,81.06863,81.36406,81.53835,82.26575,81.19432,81.88497,81.89909,82.89972,81.73389,82.28574,80.413925,82.29915,81.69945,82.40643,81.623276
85.59709,85.65896,85.40009,85.384125,85.57703,84.07162,84.68198,84.526474,86.243416,85.11886,85.329155,86.05593,86.89718,85.237656,85.62765,83.83394,85.673096,85.477974,85.751785,84.8253
89.27914,89.2976,89.13397,89.039955,89.32922,87.965004,88.36384,88.33964,90.246025,89.225525,88.99311,90.084755,90.48312,88.94172,89.3283,87.975395,89.318665,89.5561,89.43579,88.60396
92.48841,92.5221,92.41581,92.204926,92.47559,91.718544,91.70307,92.027145,93.29551,92.56319,92.16685,93.19833,93.12608,92.14059,92.60893,91.72799,92.53538,92.98394,92.69366,92.213264
94.83286,94.871315,94.80341,94.55641,94.578545,94.61769,94.18288,94.93771,95.185165,94.72176,94.529015,95.10338,94.69241,94.450455,95.01407,94.430756,94.85,95.255936,95.10486,94.99892
96.074165,95.95427,96.02744,95.83821,95.33591,96.16029,95.43965,96.54358,95.68149,95.49,95.66221,95.50952,95.28509,95.59788,96.0972,95.77814,95.98484,96.088135,96.31454,96.457275
95.98554,95.87967,95.889145,95.8528,94.773605,96.15375,95.41635,96.75077,94.93221,94.88351,95.45618,94.68318,94.67223,95.495445,95.82681,95.57575,95.84909,95.51114,96.18257,96.49206
94.66864,94.60012,94.52824,94.57465,93.1055,94.81884,94.13861,95.54305,93.121864,93.0742,94.06894,92.80568,92.96239,94.22497,94.42678,93.91916,94.476105,93.7527,94.876205,95.16201
92.509476,92.45878,92.34397,92.39079,90.812126,92.62286,91.97454,93.35385,90.80407,90.59057,91.81999,90.407555,90.69263,92.04388,92.25041,91.51032,92.23641,91.3395,92.71488,92.926605
90.01585,89.929085,89.882904,89.82607,88.51542,90.14215,89.408066,90.79432,88.50512,88.03341,89.28597,88.0286,88.387436,89.45136,89.77246,89.01401,89.69424,88.83254,90.194885,90.37943
87.75147,87.644745,87.71348,87.43474,86.902145,87.965195,87.11518,88.45325,86.74234,86.24553,87.08893,86.29353,86.67695,87.19739,87.73168,87.040276,87.4217,86.89635,87.986,88.04893
86.28254,86.39351,86.34508,85.995514,86.3416,86.51585,85.60504,86.94075,86.086655,85.41742,85.85728,85.57469,85.98227,85.76793,86.43636,86.01447,86.17319,85.90299,86.61812,86.60266
86.14979,86.25704,86.10677,85.745544,87.165405,86.34564,85.20498,86.84915,86.59831,85.77947,85.68819,86.24068,86.71788,85.67866,86.1732,86.40897,86.164955,86.17331,86.35561,86.595
87.148285,87.25543,86.98109,86.866646,88.94631,87.30633,86.10195,87.820015,88.21719,87.38724,86.63455,87.909904,88.481995,86.7559,87.072716,88.03723,87.248825,87.68768,87.311,87.54079
88.754906,88.88757,88.59151,88.592636,90.81357,88.88543,87.769554,89.32738,90.14483,89.43901,88.27417,89.80988,90.43165,88.43662,88.67517,90.05806,88.90525,89.85557,88.959274,89.093025
90.41618,90.508385,90.288,90.25328,92.12086,90.475006,89.44873,90.850555,91.62891,91.05423,89.91556,91.24237,91.817474,90.084595,90.36671,91.59745,90.53083,91.57701,90.62872,90.69594
91.44879,91.479996,91.33698,91.179924,92.33112,91.46213,90.50223,91.76144,92.13673,91.67995,90.92923,91.79134,92.20024,91.05918,91.475204,92.11869,91.52424,92.21215,91.648766,91.73471
91.32862,91.355225,91.364265,91.06235,91.34315,91.40221,90.672104,91.62828,91.519844,91.09898,90.89735,91.27856,91.25389,90.9517,91.50621,91.3365,91.46529,91.694954,91.64188,91.615906
90.14747,89.99886,90.187485,89.99214,89.03554,90.0697,89.62065,90.30067,89.64796,89.23205,89.66688,89.27153,89.27579,89.67146,90.16902,89.53143,90.211006,89.81995,90.46867,90.17209
87.645966,87.57192,87.5886,87.68574,85.515076,87.251,87.34252,87.76683,86.4186,86.15834,87.154396,86.09024,85.91377,87.30766,87.49227,86.232,87.751686,86.72255,87.99921,87.45019
84.208565,84.20706,84.09993,84.307304,81.2758,83.47596,84.09709,84.17521,82.42756,82.23377,83.669586,82.18504,81.78648,83.9578,84.05372,81.99555,84.28996,82.91029,84.62302,83.78007
80.419,80.5012,80.33486,80.54497,77.03197,79.434,80.35291,80.11966,78.44984,78.1531,79.9518,78.305244,77.85147,80.18498,80.31529,77.69815,80.45313,78.8174,80.8215,79.85178
77.320526,77.379654,77.164314,77.4165,74.023506,76.12605,77.05638,76.790276,75.31366,75.11278,76.83585,75.31872,75.019424,77.08716,77.20482,74.49988,77.25952,75.74162,77.67493,76.63177
75.69965,75.61721,75.56015,75.64038,73.3011,74.72451,75.13355,75.295395,74.18619,73.95556,75.22484,74.21955,74.098526,75.336426,75.63099,73.35799,75.59283,74.58078,75.895096,75.1207
76.11981,76.22524,76.190605,75.864624,75.22553,75.5752,75.45288,75.92955,75.66282,75.164955,75.775085,75.34233,75.60543,75.70869,76.3158,74.666756,76.09158,75.79753,76.41061,75.96906
79.48329,79.64375,79.38469,79.08596,80.32145,78.97393,78.405106,79.51041,79.97111,79.08028,79.06305,79.66515,80.2109,79.09605,79.50409,78.92113,79.477974,79.69255,79.60498,79.5949
85.37382,85.6717,85.17608,85.30004,87.69188,84.87278,84.373795,85.60347,87.30786,86.17926,85.01491,86.922905,87.63304,85.26239,85.41087,86.11627,85.5843,86.59954,85.609566,85.55264
93.00548,93.3848,92.89828,93.119545,96.03751,92.74631,92.14224,93.438354,95.842,94.65299,92.6727,95.289,95.96492,93.05603,93.10056,94.67352,93.35716,95.01245,93.515976,93.31068
100.89711,101.20301,100.76735,101.03413,103.59174,100.65887,100.031136,101.3393,103.40285,102.49713,100.57671,102.9594,103.65452,100.88514,100.910774,102.61467,101.122,103.05308,101.40602,101.22622
107.29584,107.4187,107.14519,107.298775,108.95903,107.029366,106.38277,107.68965,108.714325,108.05039,106.88442,108.27226,108.98983,107.01503,107.27668,108.33372,107.23787,108.74947,107.53909,107.61533
110.52524,110.54488,110.43367,110.3409,110.80465,110.66533,109.72942,111.1697,110.92245,110.41084,110.04274,110.63473,110.59984,110.09226,110.58272,110.84634,110.37294,110.97589,110.78656,111.09021
109.9879,109.830025,109.9037,109.71911,108.6059,110.488045,109.36866,110.870476,109.16466,108.76039,109.364075,108.617966,108.278,109.342636,109.750854,109.78146,109.72164,109.31073,110.226135,110.53668
105.31989,105.447334,105.25302,105.43237,102.68699,106.11883,105.11286,106.69899,103.19285,103.35031,104.76607,102.982414,101.79714,105.00336,105.082664,104.56965,105.209305,103.950676,105.707565,105.9952
98.195755,98.28629,98.07509,98.46149,94.88232,99.02133,98.08938,99.51601,95.23198,95.45134,97.56976,95.28321,94.05945,97.94841,97.93693,96.723114,98.14968,96.08543,98.50462,98.663475
90.35768,90.48526,90.21706,90.62625,87.39522,91.12474,90.21289,91.59548,87.20869,87.33723,89.66892,87.312645,86.6078,90.05421,90.04775,88.73736,90.39839,87.99804,90.68161,90.72996
83.71108,83.91122,83.64312,83.855576,82.13765,84.327995,83.52006,84.91071,81.1079,81.10003,83.08445,81.13547,81.30336,83.43795,83.500854,82.43125,83.78097,81.70568,84.20148,83.98576
79.56402,79.64745,79.487595,79.51918,79.90334,79.88007,79.082634,80.411644,78.41274,77.867516,78.99271,78.27145,79.117256,79.16404,79.48156,78.813866,79.66773,78.45033,79.91856,79.73134
78.226006,78.47825,78.364204,77.934326,80.58131,78.31887,77.633865,78.67052,78.98058,77.614975,77.825386,78.49794,79.77849,77.786736,78.42512,78.1527,78.453026,78.38137,78.66766,78.44137
79.87958,80.0662,79.748825,79.4767,83.00115,79.46874,78.83701,79.92036,82.64649,80.521,79.40202,82.06016,82.78551,79.52078,79.87642,80.875305,80.057945,81.0467,80.05145,79.89797
83.09881,83.305275,82.86675,82.984436,86.04138,82.47784,82.1089,83.026665,86.90331,85.04672,82.70191,86.282326,86.17569,82.98553,83.10887,85.20104,83.39905,85.42143,83.35653,83.04682
86.626045,86.79975,86.440384,86.622444,88.52855,86.09219,85.71036,86.58278,89.67576,88.730675,86.24158,89.228325,88.824745,86.54089,86.61942,88.7414,86.91765,89.33834,86.9874,86.63883
89.3228,89.37134,89.19571,89.29596,89.71728,88.82017,88.44176,89.26659,90.63536,90.51646,88.89554,90.356026,89.94459,89.072075,89.29643,90.480606,89.4483,91.25141,89.584915,89.3461
90.48656,90.42173,90.41611,90.31811,89.40033,90.12858,89.62334,90.48098,90.29198,90.41306,89.97567,90.23227,89.48474,90.06197,90.50711,90.31622,90.503494,91.097,90.72806,90.56053
90.0249,89.96365,90.06419,89.775925,87.753395,89.676926,89.45372,89.96366,88.76219,88.79932,89.54241,88.46693,88.16548,89.5465,90.127884,88.887505,90.02079,89.53525,90.41187,89.99007
88.59167,88.481186,88.636856,88.404366,85.22224,87.919075,88.13663,88.23762,86.3047,86.371956,88.02838,86.02989,85.95181,88.03295,88.444435,86.16292,88.529884,87.06134,88.89595,88.20889
86.58752,86.609566,86.54278,86.71116,82.99974,85.65285,86.24817,86.11542,83.86608,83.75322,86.098495,83.76562,84.09051,86.278656,86.3662,83.2496,86.556915,84.53857,86.89398,85.93634
84.87856,84.91303,84.89091,85.0738,81.85114,83.920044,84.55978,84.42638,82.42141,81.96476,84.38709,82.26662,82.95824,84.67361,84.70935,81.3191,84.81411,82.673775,85.23009,84.08116
84.1952,84.21858,84.18187,84.263466,82.24338,83.28269,83.753975,83.90124,82.49273,81.74939,83.64795,82.23409,83.06152,83.91478,84.053925,81.192924,84.04926,82.29177,84.511696,83.52762
84.867325,84.82748,84.82641,84.756836,84.14526,84.1663,84.250916,84.84843,84.22004,83.25556,84.333244,83.9382,84.46426,84.447716,84.809616,82.86804,84.67472,83.76781,85.114975,84.55362
86.94564,87.02052,87.01271,86.67506,87.5164,86.64824,86.292915,87.2473,87.51736,86.3029,86.56215,87.120155,87.33053,86.5135,87.150925,86.17889,86.84722,86.86228,87.27393,87.114746
90.45194,90.67359,90.47086,90.06904,91.96638,90.40213,89.67131,91.14083,91.83956,90.569824,90.103386,91.62767,91.59579,90.033165,90.686584,90.943794,90.51308,91.17853,90.78836,91.028885
94.92263,95.086075,94.74848,94.436775,96.67753,94.92536,93.85106,95.714226,96.56291,95.75493,94.514786,96.35906,96.300476,94.49384,94.975204,96.278625,94.9079,96.36958,95.101776,95.66941
99.32242,99.434044,99.07489,98.941605,100.86279,99.38221,98.19906,100.15894,100.70308,100.33394,98.87511,100.3984,100.50872,98.902954,99.28543,101.00477,99.29152,101.009415,99.47521,100.089966
102.873276,102.90879,102.6214,102.49722,103.79933,103.00951,101.80529,103.672195,103.56178,103.37477,102.36803,103.19812,103.4472,102.40669,102.79893,104.16547,102.776794,104.10165,103.0181,103.57727
